iso_code,location,total_cases,year
AFG,Afghanistan,51848.0,2020
AFG,Afghanistan,157902.0,2021
AFG,Afghanistan,207322.0,2022
AFG,Afghanistan,230375.0,2023
AFG,Afghanistan,231539.0,2024
OWID_AFR,Africa,2662452.0,2020
OWID_AFR,Africa,9634415.0,2021
OWID_AFR,Africa,12994425.0,2022
OWID_AFR,Africa,13130839.0,2023
OWID_AFR,Africa,13135066.0,2024
ALB,Albania,55380.0,2020
ALB,Albania,207221.0,2021
ALB,Albania,332670.0,2022
ALB,Albania,334596.0,2023
ALB,Albania,334863.0,2024
DZA,Algeria,97857.0,2020
DZA,Algeria,216376.0,2021
DZA,Algeria,271194.0,2022
DZA,Algeria,272010.0,2023
DZA,Algeria,272010.0,2024
ASM,American Samoa,,2020
ASM,American Samoa,11.0,2021
ASM,American Samoa,8266.0,2022
ASM,American Samoa,8359.0,2023
ASM,American Samoa,8359.0,2024
AND,Andorra,7806.0,2020
AND,Andorra,21730.0,2021
AND,Andorra,47686.0,2022
AND,Andorra,48015.0,2023
AND,Andorra,48015.0,2024
AGO,Angola,17149.0,2020
AGO,Angola,71142.0,2021
AGO,Angola,105070.0,2022
AGO,Angola,106720.0,2023
AGO,Angola,107084.0,2024
AIA,Anguilla,12.0,2020
AIA,Anguilla,1646.0,2021
AIA,Anguilla,3904.0,2022
AIA,Anguilla,3904.0,2023
AIA,Anguilla,3904.0,2024
ATG,Antigua and Barbuda,155.0,2020
ATG,Antigua and Barbuda,4229.0,2021
ATG,Antigua and Barbuda,9106.0,2022
ATG,Antigua and Barbuda,9106.0,2023
ATG,Antigua and Barbuda,9106.0,2024
ARG,Argentina,1629908.0,2020
ARG,Argentina,5559916.0,2021
ARG,Argentina,9891139.0,2022
ARG,Argentina,10076858.0,2023
ARG,Argentina,10094643.0,2024
ARM,Armenia,157834.0,2020
ARM,Armenia,344481.0,2021
ARM,Armenia,445583.0,2022
ARM,Armenia,451426.0,2023
ARM,Armenia,451426.0,2024
ABW,Aruba,5228.0,2020
ABW,Aruba,17165.0,2021
ABW,Aruba,43752.0,2022
ABW,Aruba,44224.0,2023
ABW,Aruba,,2024
OWID_ASI,Asia,20190911.0,2020
OWID_ASI,Asia,84190614.0,2021
OWID_ASI,Asia,250812759.0,2022
OWID_ASI,Asia,301159792.0,2023
OWID_ASI,Asia,,2024
AUS,Australia,28296.0,2020
AUS,Australia,366607.0,2021
AUS,Australia,10694041.0,2022
AUS,Australia,11721535.0,2023
AUS,Australia,11769858.0,2024
AUT,Austria,344732.0,2020
AUT,Austria,1252088.0,2021
AUT,Austria,5678345.0,2022
AUT,Austria,6081287.0,2023
AUT,Austria,6081287.0,2024
AZE,Azerbaijan,211764.0,2020
AZE,Azerbaijan,614119.0,2021
AZE,Azerbaijan,825893.0,2022
AZE,Azerbaijan,834254.0,2023
AZE,Azerbaijan,834470.0,2024
BHS,Bahamas,7788.0,2020
BHS,Bahamas,23630.0,2021
BHS,Bahamas,37491.0,2022
BHS,Bahamas,38084.0,2023
BHS,Bahamas,38084.0,2024
BHR,Bahrain,91518.0,2020
BHR,Bahrain,279518.0,2021
BHR,Bahrain,696614.0,2022
BHR,Bahrain,696614.0,2023
BHR,Bahrain,696614.0,2024
BGD,Bangladesh,509148.0,2020
BGD,Bangladesh,1583253.0,2021
BGD,Bangladesh,2037024.0,2022
BGD,Bangladesh,2046292.0,2023
BGD,Bangladesh,,2024
BRB,Barbados,347.0,2020
BRB,Barbados,27629.0,2021
BRB,Barbados,105515.0,2022
BRB,Barbados,110174.0,2023
BRB,Barbados,110375.0,2024
BLR,Belarus,184922.0,2020
BLR,Belarus,692601.0,2021
BLR,Belarus,994037.0,2022
BLR,Belarus,994037.0,2023
BLR,Belarus,994037.0,2024
BEL,Belgium,638760.0,2020
BEL,Belgium,2048110.0,2021
BEL,Belgium,4679472.0,2022
BEL,Belgium,4848745.0,2023
BEL,Belgium,,2024
BLZ,Belize,10490.0,2020
BLZ,Belize,31503.0,2021
BLZ,Belize,69675.0,2022
BLZ,Belize,71373.0,2023
BLZ,Belize,71381.0,2024
BEN,Benin,3205.0,2020
BEN,Benin,24935.0,2021
BEN,Benin,27985.0,2022
BEN,Benin,28036.0,2023
BEN,Benin,28036.0,2024
BMU,Bermuda,561.0,2020
BMU,Bermuda,6064.0,2021
BMU,Bermuda,18557.0,2022
BMU,Bermuda,18860.0,2023
BMU,Bermuda,18860.0,2024
BTN,Bhutan,597.0,2020
BTN,Bhutan,2660.0,2021
BTN,Bhutan,62531.0,2022
BTN,Bhutan,62697.0,2023
BTN,Bhutan,62697.0,2024
BOL,Bolivia,153590.0,2020
BOL,Bolivia,575247.0,2021
BOL,Bolivia,1146741.0,2022
BOL,Bolivia,1211716.0,2023
BOL,Bolivia,1211716.0,2024
BES,Bonaire Sint Eustatius and Saba,182.0,2020
BES,Bonaire Sint Eustatius and Saba,3239.0,2021
BES,Bonaire Sint Eustatius and Saba,11716.0,2022
BES,Bonaire Sint Eustatius and Saba,11922.0,2023
BES,Bonaire Sint Eustatius and Saba,11922.0,2024
BIH,Bosnia and Herzegovina,109330.0,2020
BIH,Bosnia and Herzegovina,287716.0,2021
BIH,Bosnia and Herzegovina,400960.0,2022
BIH,Bosnia and Herzegovina,403508.0,2023
BIH,Bosnia and Herzegovina,403565.0,2024
BWA,Botswana,13890.0,2020
BWA,Botswana,212482.0,2021
BWA,Botswana,328031.0,2022
BWA,Botswana,330417.0,2023
BWA,Botswana,330417.0,2024
BRA,Brazil,7448560.0,2020
BRA,Brazil,22230737.0,2021
BRA,Brazil,36124337.0,2022
BRA,Brazil,37519960.0,2023
BRA,Brazil,37519960.0,2024
VGB,British Virgin Islands,93.0,2020
VGB,British Virgin Islands,3071.0,2021
VGB,British Virgin Islands,7305.0,2022
VGB,British Virgin Islands,7392.0,2023
VGB,British Virgin Islands,7392.0,2024
BRN,Brunei,152.0,2020
BRN,Brunei,15447.0,2021
BRN,Brunei,268615.0,2022
BRN,Brunei,330776.0,2023
BRN,Brunei,342802.0,2024
BGR,Bulgaria,197384.0,2020
BGR,Bulgaria,733882.0,2021
BGR,Bulgaria,1280617.0,2022
BGR,Bulgaria,1323578.0,2023
BGR,Bulgaria,,2024
BFA,Burkina Faso,6344.0,2020
BFA,Burkina Faso,17040.0,2021
BFA,Burkina Faso,22006.0,2022
BFA,Burkina Faso,22109.0,2023
BFA,Burkina Faso,22109.0,2024
BDI,Burundi,809.0,2020
BDI,Burundi,26999.0,2021
BDI,Burundi,52051.0,2022
BDI,Burundi,54455.0,2023
BDI,Burundi,54546.0,2024
KHM,Cambodia,364.0,2020
KHM,Cambodia,120449.0,2021
KHM,Cambodia,138495.0,2022
KHM,Cambodia,139014.0,2023
KHM,Cambodia,139085.0,2024
CMR,Cameroon,26277.0,2020
CMR,Cameroon,108676.0,2021
CMR,Cameroon,123993.0,2022
CMR,Cameroon,125137.0,2023
CMR,Cameroon,125137.0,2024
CAN,Canada,539241.0,2020
CAN,Canada,1961723.0,2021
CAN,Canada,4476385.0,2022
CAN,Canada,4760029.0,2023
CAN,Canada,,2024
CPV,Cape Verde,11698.0,2020
CPV,Cape Verde,39013.0,2021
CPV,Cape Verde,63190.0,2022
CPV,Cape Verde,64474.0,2023
CPV,Cape Verde,64474.0,2024
CYM,Cayman Islands,318.0,2020
CYM,Cayman Islands,8386.0,2021
CYM,Cayman Islands,31472.0,2022
CYM,Cayman Islands,31472.0,2023
CYM,Cayman Islands,31472.0,2024
CAF,Central African Republic,5814.0,2020
CAF,Central African Republic,12268.0,2021
CAF,Central African Republic,15360.0,2022
CAF,Central African Republic,15440.0,2023
CAF,Central African Republic,15440.0,2024
TCD,Chad,1986.0,2020
TCD,Chad,5701.0,2021
TCD,Chad,7649.0,2022
TCD,Chad,7698.0,2023
TCD,Chad,7698.0,2024
CHL,Chile,598394.0,2020
CHL,Chile,1799125.0,2021
CHL,Chile,5006159.0,2022
CHL,Chile,5332362.0,2023
CHL,Chile,5345008.0,2024
CHN,China,96324.0,2020
CHN,China,130858.0,2021
CHN,China,62445650.0,2022
CHN,China,99322727.0,2023
CHN,China,99329249.0,2024
COL,Colombia,1574707.0,2020
COL,Colombia,5118254.0,2021
COL,Colombia,6338339.0,2022
COL,Colombia,6386231.0,2023
COL,Colombia,6393550.0,2024
COM,Comoros,661.0,2020
COM,Comoros,5603.0,2021
COM,Comoros,8982.0,2022
COM,Comoros,9109.0,2023
COM,Comoros,9109.0,2024
COG,Congo,6389.0,2020
COG,Congo,20089.0,2021
COG,Congo,25063.0,2022
COG,Congo,25213.0,2023
COG,Congo,25213.0,2024
COK,Cook Islands,,2020
COK,Cook Islands,,2021
COK,Cook Islands,6625.0,2022
COK,Cook Islands,7203.0,2023
COK,Cook Islands,7203.0,2024
CRI,Costa Rica,164062.0,2020
CRI,Costa Rica,569523.0,2021
CRI,Costa Rica,1161687.0,2022
CRI,Costa Rica,1230653.0,2023
CRI,Costa Rica,1230653.0,2024
CIV,Cote d'Ivoire,22081.0,2020
CIV,Cote d'Ivoire,63847.0,2021
CIV,Cote d'Ivoire,87933.0,2022
CIV,Cote d'Ivoire,88384.0,2023
CIV,Cote d'Ivoire,88384.0,2024
HRV,Croatia,204312.0,2020
HRV,Croatia,693102.0,2021
HRV,Croatia,1261766.0,2022
HRV,Croatia,1309728.0,2023
HRV,Croatia,1309728.0,2024
CUB,Cuba,11038.0,2020
CUB,Cuba,964607.0,2021
CUB,Cuba,1111827.0,2022
CUB,Cuba,1115043.0,2023
CUB,Cuba,1115043.0,2024
CUW,Curacao,4051.0,2020
CUW,Curacao,18299.0,2021
CUW,Curacao,45707.0,2022
CUW,Curacao,45883.0,2023
CUW,Curacao,45883.0,2024
CYP,Cyprus,19392.0,2020
CYP,Cyprus,149848.0,2021
CYP,Cyprus,628509.0,2022
CYP,Cyprus,675109.0,2023
CYP,Cyprus,681110.0,2024
CZE,Czechia,675062.0,2020
CZE,Czechia,2486451.0,2021
CZE,Czechia,4577526.0,2022
CZE,Czechia,4746616.0,2023
CZE,Czechia,,2024
COD,Democratic Republic of Congo,16837.0,2020
COD,Democratic Republic of Congo,75044.0,2021
COD,Democratic Republic of Congo,95070.0,2022
COD,Democratic Republic of Congo,99338.0,2023
COD,Democratic Republic of Congo,99338.0,2024
DNK,Denmark,151167.0,2020
DNK,Denmark,697563.0,2021
DNK,Denmark,3381851.0,2022
DNK,Denmark,3432338.0,2023
DNK,Denmark,3433033.0,2024
DJI,Djibouti,5805.0,2020
DJI,Djibouti,13568.0,2021
DJI,Djibouti,15690.0,2022
DJI,Djibouti,15690.0,2023
DJI,Djibouti,15690.0,2024
DMA,Dominica,96.0,2020
DMA,Dominica,6559.0,2021
DMA,Dominica,15760.0,2022
DMA,Dominica,16038.0,2023
DMA,Dominica,16038.0,2024
DOM,Dominican Republic,165940.0,2020
DOM,Dominican Republic,413887.0,2021
DOM,Dominican Republic,658587.0,2022
DOM,Dominican Republic,661180.0,2023
DOM,Dominican Republic,661180.0,2024
ECU,Ecuador,209274.0,2020
ECU,Ecuador,541368.0,2021
ECU,Ecuador,1040463.0,2022
ECU,Ecuador,1062896.0,2023
ECU,Ecuador,1062896.0,2024
EGY,Egypt,131315.0,2020
EGY,Egypt,380520.0,2021
EGY,Egypt,515514.0,2022
EGY,Egypt,516023.0,2023
EGY,Egypt,516023.0,2024
SLV,El Salvador,44619.0,2020
SLV,El Salvador,121741.0,2021
SLV,El Salvador,201785.0,2022
SLV,El Salvador,201835.0,2023
SLV,El Salvador,201853.0,2024
OWID_ENG,England,,2020
OWID_ENG,England,,2021
OWID_ENG,England,,2022
OWID_ENG,England,,2023
GNQ,Equatorial Guinea,5236.0,2020
GNQ,Equatorial Guinea,13630.0,2021
GNQ,Equatorial Guinea,17089.0,2022
GNQ,Equatorial Guinea,17130.0,2023
GNQ,Equatorial Guinea,17130.0,2024
ERI,Eritrea,997.0,2020
ERI,Eritrea,7873.0,2021
ERI,Eritrea,10189.0,2022
ERI,Eritrea,10189.0,2023
ERI,Eritrea,10189.0,2024
EST,Estonia,31031.0,2020
EST,Estonia,226809.0,2021
EST,Estonia,594217.0,2022
EST,Estonia,608581.0,2023
EST,Estonia,609520.0,2024
SWZ,Eswatini,8365.0,2020
SWZ,Eswatini,64381.0,2021
SWZ,Eswatini,74021.0,2022
SWZ,Eswatini,75191.0,2023
SWZ,Eswatini,75191.0,2024
ETH,Ethiopia,122413.0,2020
ETH,Ethiopia,395750.0,2021
ETH,Ethiopia,497096.0,2022
ETH,Ethiopia,501117.0,2023
ETH,Ethiopia,501117.0,2024
OWID_EUR,Europe,22615686.0,2020
OWID_EUR,Europe,84508328.0,2021
OWID_EUR,Europe,242057677.0,2022
OWID_EUR,Europe,251786367.0,2023
OWID_EUR,Europe,,2024
OWID_EUN,European Union,14744953.0,2020
OWID_EUN,European Union,52796952.0,2021
OWID_EUN,European Union,178836027.0,2022
OWID_EUN,European Union,185364142.0,2023
OWID_EUN,European Union,,2024
FRO,Faeroe Islands,574.0,2020
FRO,Faeroe Islands,5150.0,2021
FRO,Faeroe Islands,34658.0,2022
FRO,Faeroe Islands,34658.0,2023
FRO,Faeroe Islands,34658.0,2024
FLK,Falkland Islands,29.0,2020
FLK,Falkland Islands,81.0,2021
FLK,Falkland Islands,1923.0,2022
FLK,Falkland Islands,1923.0,2023
FLK,Falkland Islands,1923.0,2024
FJI,Fiji,46.0,2020
FJI,Fiji,52944.0,2021
FJI,Fiji,68702.0,2022
FJI,Fiji,69047.0,2023
FJI,Fiji,69047.0,2024
FIN,Finland,38052.0,2020
FIN,Finland,322835.0,2021
FIN,Finland,1456149.0,2022
FIN,Finland,1499712.0,2023
FIN,Finland,1499712.0,2024
FRA,France,2338258.0,2020
FRA,France,8709926.0,2021
FRA,France,37989547.0,2022
FRA,France,38997490.0,2023
FRA,France,38997490.0,2024
GUF,French Guiana,12773.0,2020
GUF,French Guiana,47229.0,2021
GUF,French Guiana,97776.0,2022
GUF,French Guiana,98041.0,2023
GUF,French Guiana,98041.0,2024
PYF,French Polynesia,16550.0,2020
PYF,French Polynesia,46382.0,2021
PYF,French Polynesia,77910.0,2022
PYF,French Polynesia,79227.0,2023
PYF,French Polynesia,79254.0,2024
GAB,Gabon,9497.0,2020
GAB,Gabon,38870.0,2021
GAB,Gabon,48979.0,2022
GAB,Gabon,49051.0,2023
GAB,Gabon,49051.0,2024
GMB,Gambia,3792.0,2020
GMB,Gambia,10136.0,2021
GMB,Gambia,12586.0,2022
GMB,Gambia,12626.0,2023
GMB,Gambia,12626.0,2024
GEO,Georgia,221605.0,2020
GEO,Georgia,924368.0,2021
GEO,Georgia,1809179.0,2022
GEO,Georgia,1855289.0,2023
GEO,Georgia,1855289.0,2024
DEU,Germany,1660178.0,2020
DEU,Germany,7014043.0,2021
DEU,Germany,37241936.0,2022
DEU,Germany,38437756.0,2023
DEU,Germany,38437756.0,2024
GHA,Ghana,54681.0,2020
GHA,Ghana,141295.0,2021
GHA,Ghana,171038.0,2022
GHA,Ghana,171834.0,2023
GHA,Ghana,171834.0,2024
GIB,Gibraltar,1526.0,2020
GIB,Gibraltar,8142.0,2021
GIB,Gibraltar,20275.0,2022
GIB,Gibraltar,20550.0,2023
GIB,Gibraltar,20550.0,2024
GRC,Greece,139692.0,2020
GRC,Greece,1085087.0,2021
GRC,Greece,5023163.0,2022
GRC,Greece,5570330.0,2023
GRC,Greece,5611832.0,2024
GRL,Greenland,26.0,2020
GRL,Greenland,2141.0,2021
GRL,Greenland,11971.0,2022
GRL,Greenland,11971.0,2023
GRL,Greenland,11971.0,2024
GRD,Grenada,116.0,2020
GRD,Grenada,5956.0,2021
GRD,Grenada,19660.0,2022
GRD,Grenada,19693.0,2023
GRD,Grenada,19693.0,2024
GLP,Guadeloupe,8620.0,2020
GLP,Guadeloupe,55795.0,2021
GLP,Guadeloupe,199988.0,2022
GLP,Guadeloupe,203235.0,2023
GLP,Guadeloupe,203235.0,2024
GUM,Guam,7094.0,2020
GUM,Guam,15260.0,2021
GUM,Guam,49938.0,2022
GUM,Guam,52287.0,2023
GUM,Guam,52287.0,2024
GTM,Guatemala,135171.0,2020
GTM,Guatemala,625029.0,2021
GTM,Guatemala,1195644.0,2022
GTM,Guatemala,1250305.0,2023
GTM,Guatemala,1250319.0,2024
GGY,Guernsey,297.0,2020
GGY,Guernsey,6646.0,2021
GGY,Guernsey,33794.0,2022
GGY,Guernsey,35326.0,2023
GGY,Guernsey,35326.0,2024
GIN,Guinea,13674.0,2020
GIN,Guinea,31130.0,2021
GIN,Guinea,38211.0,2022
GIN,Guinea,38572.0,2023
GIN,Guinea,38572.0,2024
GNB,Guinea-Bissau,2447.0,2020
GNB,Guinea-Bissau,6466.0,2021
GNB,Guinea-Bissau,8947.0,2022
GNB,Guinea-Bissau,9614.0,2023
GNB,Guinea-Bissau,9614.0,2024
GUY,Guyana,6289.0,2020
GUY,Guyana,39042.0,2021
GUY,Guyana,72004.0,2022
GUY,Guyana,74129.0,2023
GUY,Guyana,74129.0,2024
HTI,Haiti,9846.0,2020
HTI,Haiti,25974.0,2021
HTI,Haiti,33912.0,2022
HTI,Haiti,34509.0,2023
HTI,Haiti,34509.0,2024
OWID_HIC,High income,39640543.0,2020
OWID_HIC,High income,130398298.0,2021
OWID_HIC,High income,401460221.0,2022
OWID_HIC,High income,427810229.0,2023
OWID_HIC,High income,,2024
HND,Honduras,118659.0,2020
HND,Honduras,379073.0,2021
HND,Honduras,463685.0,2022
HND,Honduras,472743.0,2023
HND,Honduras,472755.0,2024
HKG,Hong Kong,,2020
HKG,Hong Kong,,2021
HKG,Hong Kong,,2022
HKG,Hong Kong,,2023
HKG,Hong Kong,,2024
HUN,Hungary,316060.0,2020
HUN,Hungary,1237330.0,2021
HUN,Hungary,2181419.0,2022
HUN,Hungary,2227159.0,2023
HUN,Hungary,2229538.0,2024
ISL,Iceland,5743.0,2020
ISL,Iceland,24206.0,2021
ISL,Iceland,207213.0,2022
ISL,Iceland,209791.0,2023
ISL,Iceland,209878.0,2024
IND,India,10187850.0,2020
IND,India,34786802.0,2021
IND,India,44677106.0,2022
IND,India,45013172.0,2023
IND,India,,2024
IDN,Indonesia,713365.0,2020
IDN,Indonesia,4261759.0,2021
IDN,Indonesia,6716124.0,2022
IDN,Indonesia,6821770.0,2023
IDN,Indonesia,6828268.0,2024
IRN,Iran,1194963.0,2020
IRN,Iran,6182905.0,2021
IRN,Iran,7560731.0,2022
IRN,Iran,7625463.0,2023
IRN,Iran,7626527.0,2024
IRQ,Iraq,590779.0,2020
IRQ,Iraq,2092312.0,2021
IRQ,Iraq,2465373.0,2022
IRQ,Iraq,2465545.0,2023
IRQ,Iraq,2465545.0,2024
IRL,Ireland,85176.0,2020
IRL,Ireland,696093.0,2021
IRL,Ireland,1689764.0,2022
IRL,Ireland,1728956.0,2023
IRL,Ireland,1732675.0,2024
IMN,Isle of Man,377.0,2020
IMN,Isle of Man,13913.0,2021
IMN,Isle of Man,38008.0,2022
IMN,Isle of Man,38008.0,2023
IMN,Isle of Man,38008.0,2024
ISR,Israel,399105.0,2020
ISR,Israel,1364768.0,2021
ISR,Israel,4756704.0,2022
ISR,Israel,4841558.0,2023
ISR,Israel,4841558.0,2024
ITA,Italy,2039182.0,2020
ITA,Italy,5622431.0,2021
ITA,Italy,25060503.0,2022
ITA,Italy,26658248.0,2023
ITA,Italy,,2024
JAM,Jamaica,12684.0,2020
JAM,Jamaica,92355.0,2021
JAM,Jamaica,152791.0,2022
JAM,Jamaica,156642.0,2023
JAM,Jamaica,156704.0,2024
JPN,Japan,217312.0,2020
JPN,Japan,1731789.0,2021
JPN,Japan,28266405.0,2022
JPN,Japan,33803572.0,2023
JPN,Japan,,2024
JEY,Jersey,2643.0,2020
JEY,Jersey,17472.0,2021
JEY,Jersey,65386.0,2022
JEY,Jersey,66391.0,2023
JEY,Jersey,66391.0,2024
JOR,Jordan,286356.0,2020
JOR,Jordan,1051421.0,2021
JOR,Jordan,1746997.0,2022
JOR,Jordan,1746997.0,2023
JOR,Jordan,1746997.0,2024
KAZ,Kazakhstan,197142.0,2020
KAZ,Kazakhstan,1069864.0,2021
KAZ,Kazakhstan,1492221.0,2022
KAZ,Kazakhstan,1503205.0,2023
KAZ,Kazakhstan,1503205.0,2024
KEN,Kenya,95843.0,2020
KEN,Kenya,281358.0,2021
KEN,Kenya,342470.0,2022
KEN,Kenya,344094.0,2023
KEN,Kenya,344094.0,2024
KIR,Kiribati,,2020
KIR,Kiribati,,2021
KIR,Kiribati,3430.0,2022
KIR,Kiribati,5085.0,2023
KIR,Kiribati,5085.0,2024
OWID_KOS,Kosovo,50362.0,2020
OWID_KOS,Kosovo,161284.0,2021
OWID_KOS,Kosovo,272205.0,2022
OWID_KOS,Kosovo,274279.0,2023
OWID_KOS,Kosovo,274279.0,2024
KWT,Kuwait,149449.0,2020
KWT,Kuwait,414911.0,2021
KWT,Kuwait,662918.0,2022
KWT,Kuwait,666586.0,2023
KWT,Kuwait,667026.0,2024
KGZ,Kyrgyzstan,,2020
KGZ,Kyrgyzstan,68891.0,2021
KGZ,Kyrgyzstan,88455.0,2022
KGZ,Kyrgyzstan,88943.0,2023
KGZ,Kyrgyzstan,88953.0,2024
LAO,Laos,41.0,2020
LAO,Laos,106231.0,2021
LAO,Laos,217642.0,2022
LAO,Laos,218906.0,2023
LAO,Laos,218917.0,2024
LVA,Latvia,36330.0,2020
LVA,Latvia,271429.0,2021
LVA,Latvia,970519.0,2022
LVA,Latvia,977701.0,2023
LVA,Latvia,977701.0,2024
LBN,Lebanon,169472.0,2020
LBN,Lebanon,711259.0,2021
LBN,Lebanon,1222126.0,2022
LBN,Lebanon,1239904.0,2023
LBN,Lebanon,1239904.0,2024
LSO,Lesotho,2577.0,2020
LSO,Lesotho,28182.0,2021
LSO,Lesotho,34490.0,2022
LSO,Lesotho,36135.0,2023
LSO,Lesotho,36135.0,2024
LBR,Liberia,1821.0,2020
LBR,Liberia,6228.0,2021
LBR,Liberia,8050.0,2022
LBR,Liberia,7930.0,2023
LBR,Liberia,7930.0,2024
LBY,Libya,97653.0,2020
LBY,Libya,384663.0,2021
LBY,Libya,507121.0,2022
LBY,Libya,507269.0,2023
LBY,Libya,507269.0,2024
LIE,Liechtenstein,2088.0,2020
LIE,Liechtenstein,6059.0,2021
LIE,Liechtenstein,21281.0,2022
LIE,Liechtenstein,21567.0,2023
LIE,Liechtenstein,21571.0,2024
LTU,Lithuania,134219.0,2020
LTU,Lithuania,516006.0,2021
LTU,Lithuania,1286222.0,2022
LTU,Lithuania,1359230.0,2023
LTU,Lithuania,,2024
OWID_LIC,Low income,394008.0,2020
OWID_LIC,Low income,1716263.0,2021
OWID_LIC,Low income,2266359.0,2022
OWID_LIC,Low income,2324732.0,2023
OWID_LIC,Low income,2325993.0,2024
OWID_LMC,Lower middle income,16795319.0,2020
OWID_LMC,Lower middle income,65344268.0,2021
OWID_LMC,Lower middle income,96416813.0,2022
OWID_LMC,Lower middle income,97478076.0,2023
OWID_LMC,Lower middle income,,2024
LUX,Luxembourg,38383.0,2020
LUX,Luxembourg,95888.0,2021
LUX,Luxembourg,364867.0,2022
LUX,Luxembourg,390037.0,2023
LUX,Luxembourg,390788.0,2024
MAC,Macao,,2021
MAC,Macao,,2022
MAC,Macao,,2023
MDG,Madagascar,17714.0,2020
MDG,Madagascar,50279.0,2021
MDG,Madagascar,67735.0,2022
MDG,Madagascar,68471.0,2023
MDG,Madagascar,68475.0,2024
MWI,Malawi,6343.0,2020
MWI,Malawi,70682.0,2021
MWI,Malawi,88160.0,2022
MWI,Malawi,89168.0,2023
MWI,Malawi,89168.0,2024
MYS,Malaysia,103900.0,2020
MYS,Malaysia,2741179.0,2021
MYS,Malaysia,5023306.0,2022
MYS,Malaysia,5227322.0,2023
MYS,Malaysia,,2024
MDV,Maldives,13644.0,2020
MDV,Maldives,94864.0,2021
MDV,Maldives,185678.0,2022
MDV,Maldives,186694.0,2023
MDV,Maldives,186694.0,2024
MLI,Mali,6574.0,2020
MLI,Mali,20011.0,2021
MLI,Mali,32768.0,2022
MLI,Mali,33164.0,2023
MLI,Mali,33164.0,2024
MLT,Malta,12616.0,2020
MLT,Malta,47436.0,2021
MLT,Malta,116237.0,2022
MLT,Malta,121022.0,2023
MLT,Malta,,2024
MHL,Marshall Islands,4.0,2020
MHL,Marshall Islands,4.0,2021
MHL,Marshall Islands,15544.0,2022
MHL,Marshall Islands,16138.0,2023
MHL,Marshall Islands,16138.0,2024
MTQ,Martinique,6072.0,2020
MTQ,Martinique,47828.0,2021
MTQ,Martinique,227390.0,2022
MTQ,Martinique,230354.0,2023
MTQ,Martinique,230354.0,2024
MRT,Mauritania,13516.0,2020
MRT,Mauritania,40453.0,2021
MRT,Mauritania,63428.0,2022
MRT,Mauritania,63773.0,2023
MRT,Mauritania,63809.0,2024
MUS,Mauritius,527.0,2020
MUS,Mauritius,90090.0,2021
MUS,Mauritius,291206.0,2022
MUS,Mauritius,321419.0,2023
MUS,Mauritius,324332.0,2024
MYT,Mayotte,5767.0,2020
MYT,Mayotte,21288.0,2021
MYT,Mayotte,41969.0,2022
MYT,Mayotte,42027.0,2023
MYT,Mayotte,42027.0,2024
MEX,Mexico,1453414.0,2020
MEX,Mexico,4001979.0,2021
MEX,Mexico,7245590.0,2022
MEX,Mexico,7702809.0,2023
MEX,Mexico,7702809.0,2024
FSM,Micronesia (country),,2020
FSM,Micronesia (country),,2021
FSM,Micronesia (country),22069.0,2022
FSM,Micronesia (country),26547.0,2023
FSM,Micronesia (country),26547.0,2024
MDA,Moldova,140996.0,2020
MDA,Moldova,374349.0,2021
MDA,Moldova,596100.0,2022
MDA,Moldova,631061.0,2023
MDA,Moldova,633670.0,2024
MCO,Monaco,645.0,2020
MCO,Monaco,4605.0,2021
MCO,Monaco,16439.0,2022
MCO,Monaco,17181.0,2023
MCO,Monaco,17181.0,2024
MNG,Mongolia,1121.0,2020
MNG,Mongolia,690950.0,2021
MNG,Mongolia,1007314.0,2022
MNG,Mongolia,1011420.0,2023
MNG,Mongolia,1011456.0,2024
MNE,Montenegro,35210.0,2020
MNE,Montenegro,158010.0,2021
MNE,Montenegro,243973.0,2022
MNE,Montenegro,251280.0,2023
MNE,Montenegro,251280.0,2024
MSR,Montserrat,13.0,2020
MSR,Montserrat,45.0,2021
MSR,Montserrat,1403.0,2022
MSR,Montserrat,1403.0,2023
MSR,Montserrat,1403.0,2024
MAR,Morocco,430562.0,2020
MAR,Morocco,955587.0,2021
MAR,Morocco,1271244.0,2022
MAR,Morocco,1278269.0,2023
MAR,Morocco,1278844.0,2024
MOZ,Mozambique,18162.0,2020
MOZ,Mozambique,164862.0,2021
MOZ,Mozambique,230970.0,2022
MOZ,Mozambique,233731.0,2023
MOZ,Mozambique,233731.0,2024
MMR,Myanmar,121886.0,2020
MMR,Myanmar,529613.0,2021
MMR,Myanmar,633612.0,2022
MMR,Myanmar,641448.0,2023
MMR,Myanmar,641730.0,2024
NAM,Namibia,21923.0,2020
NAM,Namibia,146097.0,2021
NAM,Namibia,170278.0,2022
NAM,Namibia,172239.0,2023
NAM,Namibia,172264.0,2024
NRU,Nauru,,2020
NRU,Nauru,,2021
NRU,Nauru,4621.0,2022
NRU,Nauru,5393.0,2023
NRU,Nauru,5393.0,2024
NPL,Nepal,258181.0,2020
NPL,Nepal,827271.0,2021
NPL,Nepal,1000966.0,2022
NPL,Nepal,1003450.0,2023
NPL,Nepal,1003450.0,2024
NLD,Netherlands,773198.0,2020
NLD,Netherlands,3085502.0,2021
NLD,Netherlands,8566067.0,2022
NLD,Netherlands,8631030.0,2023
NLD,Netherlands,,2024
NCL,New Caledonia,38.0,2020
NCL,New Caledonia,12717.0,2021
NCL,New Caledonia,79162.0,2022
NCL,New Caledonia,80064.0,2023
NCL,New Caledonia,80064.0,2024
NZL,New Zealand,1789.0,2020
NZL,New Zealand,13529.0,2021
NZL,New Zealand,2027981.0,2022
NZL,New Zealand,2440375.0,2023
NZL,New Zealand,,2024
NIC,Nicaragua,4790.0,2020
NIC,Nicaragua,13531.0,2021
NIC,Nicaragua,15365.0,2022
NIC,Nicaragua,16106.0,2023
NIC,Nicaragua,16116.0,2024
NER,Niger,3109.0,2020
NER,Niger,7268.0,2021
NER,Niger,9486.0,2022
NER,Niger,9515.0,2023
NER,Niger,9515.0,2024
NGA,Nigeria,83576.0,2020
NGA,Nigeria,236014.0,2021
NGA,Nigeria,266415.0,2022
NGA,Nigeria,267173.0,2023
NGA,Nigeria,267173.0,2024
NIU,Niue,,2020
NIU,Niue,,2021
NIU,Niue,335.0,2022
NIU,Niue,993.0,2023
NIU,Niue,993.0,2024
OWID_NAM,North America,21915776.0,2020
OWID_NAM,North America,62181282.0,2021
OWID_NAM,North America,119040382.0,2022
OWID_NAM,North America,124505940.0,2023
OWID_NAM,North America,,2024
PRK,North Korea,,2020
PRK,North Korea,,2021
PRK,North Korea,,2022
PRK,North Korea,,2023
PRK,North Korea,,2024
MKD,North Macedonia,81796.0,2020
MKD,North Macedonia,223309.0,2021
MKD,North Macedonia,345588.0,2022
MKD,North Macedonia,350316.0,2023
MKD,North Macedonia,350499.0,2024
OWID_CYN,Northern Cyprus,,2021
OWID_CYN,Northern Cyprus,,2022
OWID_NIR,Northern Ireland,,2020
OWID_NIR,Northern Ireland,,2021
OWID_NIR,Northern Ireland,,2022
OWID_NIR,Northern Ireland,,2023
MNP,Northern Mariana Islands,122.0,2020
MNP,Northern Mariana Islands,2893.0,2021
MNP,Northern Mariana Islands,13236.0,2022
MNP,Northern Mariana Islands,14341.0,2023
MNP,Northern Mariana Islands,14341.0,2024
NOR,Norway,47244.0,2020
NOR,Norway,375290.0,2021
NOR,Norway,1474524.0,2022
NOR,Norway,1503875.0,2023
NOR,Norway,1506086.0,2024
OWID_OCE,Oceania,54742.0,2020
OWID_OCE,Oceania,546970.0,2021
OWID_OCE,Oceania,13197029.0,2022
OWID_OCE,Oceania,14658184.0,2023
OWID_OCE,Oceania,,2024
OMN,Oman,128290.0,2020
OMN,Oman,305058.0,2021
OMN,Oman,399308.0,2022
OMN,Oman,399449.0,2023
OMN,Oman,399449.0,2024
PAK,Pakistan,469482.0,2020
PAK,Pakistan,1293081.0,2021
PAK,Pakistan,1575651.0,2022
PAK,Pakistan,1580631.0,2023
PAK,Pakistan,1580631.0,2024
PLW,Palau,,2020
PLW,Palau,8.0,2021
PLW,Palau,5968.0,2022
PLW,Palau,6265.0,2023
PLW,Palau,6265.0,2024
PSE,Palestine,148540.0,2020
PSE,Palestine,468443.0,2021
PSE,Palestine,703228.0,2022
PSE,Palestine,703228.0,2023
PSE,Palestine,703228.0,2024
PAN,Panama,226660.0,2020
PAN,Panama,486377.0,2021
PAN,Panama,1023778.0,2022
PAN,Panama,1042567.0,2023
PAN,Panama,1042567.0,2024
PNG,Papua New Guinea,780.0,2020
PNG,Papua New Guinea,36130.0,2021
PNG,Papua New Guinea,46692.0,2022
PNG,Papua New Guinea,46864.0,2023
PNG,Papua New Guinea,46864.0,2024
PRY,Paraguay,103888.0,2020
PRY,Paraguay,465130.0,2021
PRY,Paraguay,722093.0,2022
PRY,Paraguay,736275.0,2023
PRY,Paraguay,736275.0,2024
PER,Peru,1005546.0,2020
PER,Peru,2272885.0,2021
PER,Peru,4438778.0,2022
PER,Peru,4536733.0,2023
PER,Peru,4536733.0,2024
PHL,Philippines,469003.0,2020
PHL,Philippines,2838474.0,2021
PHL,Philippines,4059369.0,2022
PHL,Philippines,4132200.0,2023
PHL,Philippines,4140383.0,2024
PCN,Pitcairn,,2020
PCN,Pitcairn,,2021
PCN,Pitcairn,4.0,2022
PCN,Pitcairn,4.0,2023
PCN,Pitcairn,4.0,2024
POL,Poland,1259923.0,2020
POL,Poland,4050832.0,2021
POL,Poland,6365382.0,2022
POL,Poland,6632065.0,2023
POL,Poland,6653365.0,2024
PRT,Portugal,377474.0,2020
PRT,Portugal,1282648.0,2021
PRT,Portugal,5550568.0,2022
PRT,Portugal,5639471.0,2023
PRT,Portugal,5641992.0,2024
PRI,Puerto Rico,82303.0,2020
PRI,Puerto Rico,252334.0,2021
PRI,Puerto Rico,1131039.0,2022
PRI,Puerto Rico,1252713.0,2023
PRI,Puerto Rico,1252713.0,2024
QAT,Qatar,142903.0,2020
QAT,Qatar,247796.0,2021
QAT,Qatar,487987.0,2022
QAT,Qatar,514524.0,2023
QAT,Qatar,514524.0,2024
REU,Reunion,8909.0,2020
REU,Reunion,71795.0,2021
REU,Reunion,486659.0,2022
REU,Reunion,494595.0,2023
REU,Reunion,494595.0,2024
ROU,Romania,613760.0,2020
ROU,Romania,1802396.0,2021
ROU,Romania,3305048.0,2022
ROU,Romania,3511059.0,2023
ROU,Romania,3519108.0,2024
RUS,Russia,3050248.0,2020
RUS,Russia,10392020.0,2021
RUS,Russia,21764292.0,2022
RUS,Russia,23746552.0,2023
RUS,Russia,23774451.0,2024
RWA,Rwanda,7817.0,2020
RWA,Rwanda,104512.0,2021
RWA,Rwanda,132920.0,2022
RWA,Rwanda,133208.0,2023
RWA,Rwanda,133208.0,2024
BLM,Saint Barthelemy,189.0,2020
BLM,Saint Barthelemy,1726.0,2021
BLM,Saint Barthelemy,5402.0,2022
BLM,Saint Barthelemy,5507.0,2023
BLM,Saint Barthelemy,5507.0,2024
SHN,Saint Helena,,2020
SHN,Saint Helena,,2021
SHN,Saint Helena,2166.0,2022
SHN,Saint Helena,2166.0,2023
SHN,Saint Helena,2166.0,2024
KNA,Saint Kitts and Nevis,30.0,2020
KNA,Saint Kitts and Nevis,2836.0,2021
KNA,Saint Kitts and Nevis,6562.0,2022
KNA,Saint Kitts and Nevis,6607.0,2023
KNA,Saint Kitts and Nevis,6607.0,2024
LCA,Saint Lucia,305.0,2020
LCA,Saint Lucia,13275.0,2021
LCA,Saint Lucia,29748.0,2022
LCA,Saint Lucia,30209.0,2023
LCA,Saint Lucia,30215.0,2024
MAF,Saint Martin (French part),986.0,2020
MAF,Saint Martin (French part),4118.0,2021
MAF,Saint Martin (French part),12180.0,2022
MAF,Saint Martin (French part),12324.0,2023
MAF,Saint Martin (French part),12324.0,2024
SPM,Saint Pierre and Miquelon,16.0,2020
SPM,Saint Pierre and Miquelon,98.0,2021
SPM,Saint Pierre and Miquelon,3348.0,2022
SPM,Saint Pierre and Miquelon,3426.0,2023
SPM,Saint Pierre and Miquelon,3426.0,2024
VCT,Saint Vincent and the Grenadines,108.0,2020
VCT,Saint Vincent and the Grenadines,5843.0,2021
VCT,Saint Vincent and the Grenadines,9521.0,2022
VCT,Saint Vincent and the Grenadines,9674.0,2023
VCT,Saint Vincent and the Grenadines,9674.0,2024
WSM,Samoa,1.0,2020
WSM,Samoa,2.0,2021
WSM,Samoa,16270.0,2022
WSM,Samoa,16962.0,2023
WSM,Samoa,16962.0,2024
SMR,San Marino,2293.0,2020
SMR,San Marino,7641.0,2021
SMR,San Marino,23007.0,2022
SMR,San Marino,25292.0,2023
SMR,San Marino,25292.0,2024
STP,Sao Tome and Principe,1014.0,2020
STP,Sao Tome and Principe,3744.0,2021
STP,Sao Tome and Principe,6279.0,2022
STP,Sao Tome and Principe,6734.0,2023
STP,Sao Tome and Principe,6734.0,2024
SAU,Saudi Arabia,362066.0,2020
SAU,Saudi Arabia,552406.0,2021
SAU,Saudi Arabia,826766.0,2022
SAU,Saudi Arabia,841469.0,2023
SAU,Saudi Arabia,841469.0,2024
OWID_SCT,Scotland,,2020
OWID_SCT,Scotland,,2021
OWID_SCT,Scotland,,2022
OWID_SCT,Scotland,,2023
SEN,Senegal,18523.0,2020
SEN,Senegal,74353.0,2021
SEN,Senegal,88900.0,2022
SEN,Senegal,89050.0,2023
SEN,Senegal,89050.0,2024
SRB,Serbia,323367.0,2020
SRB,Serbia,1289493.0,2021
SRB,Serbia,2439730.0,2022
SRB,Serbia,2583470.0,2023
SRB,Serbia,2583470.0,2024
SYC,Seychelles,211.0,2020
SYC,Seychelles,24381.0,2021
SYC,Seychelles,50355.0,2022
SYC,Seychelles,51220.0,2023
SYC,Seychelles,51220.0,2024
SLE,Sierra Leone,2549.0,2020
SLE,Sierra Leone,6659.0,2021
SLE,Sierra Leone,7760.0,2022
SLE,Sierra Leone,7779.0,2023
SLE,Sierra Leone,7779.0,2024
SGP,Singapore,58519.0,2020
SGP,Singapore,277764.0,2021
SGP,Singapore,2193890.0,2022
SGP,Singapore,2924515.0,2023
SGP,Singapore,2994295.0,2024
SXM,Sint Maarten (Dutch part),1370.0,2020
SXM,Sint Maarten (Dutch part),4748.0,2021
SXM,Sint Maarten (Dutch part),10988.0,2022
SXM,Sint Maarten (Dutch part),11051.0,2023
SXM,Sint Maarten (Dutch part),11051.0,2024
SVK,Slovakia,167523.0,2020
SVK,Slovakia,825629.0,2021
SVK,Slovakia,1858687.0,2022
SVK,Slovakia,1875529.0,2023
SVK,Slovakia,1877065.0,2024
SVN,Slovenia,115411.0,2020
SVN,Slovenia,456842.0,2021
SVN,Slovenia,1300803.0,2022
SVN,Slovenia,1354408.0,2023
SVN,Slovenia,1355444.0,2024
SLB,Solomon Islands,17.0,2020
SLB,Solomon Islands,22.0,2021
SLB,Solomon Islands,21611.0,2022
SLB,Solomon Islands,25954.0,2023
SLB,Solomon Islands,25954.0,2024
SOM,Somalia,4690.0,2020
SOM,Somalia,23532.0,2021
SOM,Somalia,27300.0,2022
SOM,Somalia,27334.0,2023
SOM,Somalia,27334.0,2024
ZAF,South Africa,994911.0,2020
ZAF,South Africa,3407937.0,2021
ZAF,South Africa,4048232.0,2022
ZAF,South Africa,4072636.0,2023
ZAF,South Africa,4072636.0,2024
OWID_SAM,South America,12876289.0,2020
OWID_SAM,South America,39550315.0,2021
OWID_SAM,South America,66523165.0,2022
OWID_SAM,South America,68713436.0,2023
OWID_SAM,South America,68751186.0,2024
KOR,South Korea,56855.0,2020
KOR,South Korea,611667.0,2021
KOR,South Korea,28659055.0,2022
KOR,South Korea,34571873.0,2023
KOR,South Korea,34571873.0,2024
SSD,South Sudan,3505.0,2020
SSD,South Sudan,14810.0,2021
SSD,South Sudan,18368.0,2022
SSD,South Sudan,18819.0,2023
SSD,South Sudan,18819.0,2024
ESP,Spain,1919549.0,2020
ESP,Spain,6100138.0,2021
ESP,Spain,13754962.0,2022
ESP,Spain,13980340.0,2023
ESP,Spain,13980340.0,2024
LKA,Sri Lanka,41054.0,2020
LKA,Sri Lanka,583649.0,2021
LKA,Sri Lanka,671851.0,2022
LKA,Sri Lanka,672707.0,2023
LKA,Sri Lanka,672745.0,2024
SDN,Sudan,24694.0,2020
SDN,Sudan,46285.0,2021
SDN,Sudan,63690.0,2022
SDN,Sudan,63993.0,2023
SDN,Sudan,63993.0,2024
SUR,Suriname,5880.0,2020
SUR,Suriname,51563.0,2021
SUR,Suriname,81581.0,2022
SUR,Suriname,82506.0,2023
SUR,Suriname,82506.0,2024
SWE,Sweden,418129.0,2020
SWE,Sweden,1286608.0,2021
SWE,Sweden,2671881.0,2022
SWE,Sweden,2746617.0,2023
SWE,Sweden,,2024
CHE,Switzerland,435319.0,2020
CHE,Switzerland,1253630.0,2021
CHE,Switzerland,4375085.0,2022
CHE,Switzerland,4446935.0,2023
CHE,Switzerland,4450977.0,2024
SYR,Syria,10932.0,2020
SYR,Syria,50051.0,2021
SYR,Syria,57423.0,2022
SYR,Syria,57423.0,2023
SYR,Syria,57423.0,2024
TWN,Taiwan,,2020
TWN,Taiwan,,2021
TWN,Taiwan,,2022
TWN,Taiwan,,2023
TJK,Tajikistan,13555.0,2020
TJK,Tajikistan,17493.0,2021
TJK,Tajikistan,17786.0,2022
TJK,Tajikistan,17786.0,2023
TJK,Tajikistan,17786.0,2024
TZA,Tanzania,509.0,2020
TZA,Tanzania,29306.0,2021
TZA,Tanzania,42351.0,2022
TZA,Tanzania,43223.0,2023
TZA,Tanzania,43223.0,2024
THA,Thailand,6141.0,2020
THA,Thailand,2209970.0,2021
THA,Thailand,4721808.0,2022
THA,Thailand,4762375.0,2023
THA,Thailand,4765718.0,2024
TLS,Timor,41.0,2020
TLS,Timor,19833.0,2021
TLS,Timor,23388.0,2022
TLS,Timor,23460.0,2023
TLS,Timor,23460.0,2024
TGO,Togo,3555.0,2020
TGO,Togo,27992.0,2021
TGO,Togo,39341.0,2022
TGO,Togo,39527.0,2023
TGO,Togo,39527.0,2024
TKL,Tokelau,,2020
TKL,Tokelau,,2021
TKL,Tokelau,5.0,2022
TKL,Tokelau,80.0,2023
TKL,Tokelau,80.0,2024
TON,Tonga,,2020
TON,Tonga,1.0,2021
TON,Tonga,16412.0,2022
TON,Tonga,16949.0,2023
TON,Tonga,16950.0,2024
TTO,Trinidad and Tobago,7097.0,2020
TTO,Trinidad and Tobago,88944.0,2021
TTO,Trinidad and Tobago,185882.0,2022
TTO,Trinidad and Tobago,191496.0,2023
TTO,Trinidad and Tobago,191496.0,2024
TUN,Tunisia,130230.0,2020
TUN,Tunisia,722795.0,2021
TUN,Tunisia,1147477.0,2022
TUN,Tunisia,1153361.0,2023
TUN,Tunisia,1153361.0,2024
TUR,Turkey,2133373.0,2020
TUR,Turkey,9286986.0,2021
TUR,Turkey,17004677.0,2022
TUR,Turkey,17004677.0,2023
TUR,Turkey,17004677.0,2024
TKM,Turkmenistan,,2020
TKM,Turkmenistan,,2021
TKM,Turkmenistan,,2022
TKM,Turkmenistan,,2023
TKM,Turkmenistan,,2024
TCA,Turks and Caicos Islands,844.0,2020
TCA,Turks and Caicos Islands,3235.0,2021
TCA,Turks and Caicos Islands,6479.0,2022
TCA,Turks and Caicos Islands,6713.0,2023
TCA,Turks and Caicos Islands,6713.0,2024
TUV,Tuvalu,,2020
TUV,Tuvalu,,2021
TUV,Tuvalu,2779.0,2022
TUV,Tuvalu,2943.0,2023
TUV,Tuvalu,2943.0,2024
UGA,Uganda,33815.0,2020
UGA,Uganda,135091.0,2021
UGA,Uganda,169890.0,2022
UGA,Uganda,171888.0,2023
UGA,Uganda,171890.0,2024
UKR,Ukraine,988108.0,2020
UKR,Ukraine,3606084.0,2021
UKR,Ukraine,5315676.0,2022
UKR,Ukraine,5520483.0,2023
UKR,Ukraine,5521032.0,2024
ARE,United Arab Emirates,200892.0,2020
ARE,United Arab Emirates,749530.0,2021
ARE,United Arab Emirates,1046549.0,2022
ARE,United Arab Emirates,1067030.0,2023
ARE,United Arab Emirates,1067030.0,2024
GBR,United Kingdom,2344433.0,2020
GBR,United Kingdom,12574779.0,2021
GBR,United Kingdom,24159037.0,2022
GBR,United Kingdom,24865028.0,2023
GBR,United Kingdom,24892903.0,2024
USA,United States,18890446.0,2020
USA,United States,51878860.0,2021
USA,United States,99019493.0,2022
USA,United States,103436829.0,2023
USA,United States,,2024
VIR,United States Virgin Islands,1979.0,2020
VIR,United States Virgin Islands,8007.0,2021
VIR,United States Virgin Islands,23734.0,2022
VIR,United States Virgin Islands,25389.0,2023
VIR,United States Virgin Islands,25389.0,2024
OWID_UMC,Upper middle income,23440623.0,2020
OWID_UMC,Upper middle income,82879454.0,2021
OWID_UMC,Upper middle income,203294212.0,2022
OWID_UMC,Upper middle income,245134952.0,2023
OWID_UMC,Upper middle income,,2024
URY,Uruguay,15848.0,2020
URY,Uruguay,406739.0,2021
URY,Uruguay,1011988.0,2022
URY,Uruguay,1041111.0,2023
URY,Uruguay,1041111.0,2024
UZB,Uzbekistan,9.0,2020
UZB,Uzbekistan,116785.0,2021
UZB,Uzbekistan,167292.0,2022
UZB,Uzbekistan,175081.0,2023
UZB,Uzbekistan,175081.0,2024
VUT,Vanuatu,1.0,2020
VUT,Vanuatu,7.0,2021
VUT,Vanuatu,12013.0,2022
VUT,Vanuatu,12019.0,2023
VUT,Vanuatu,12019.0,2024
VAT,Vatican,26.0,2020
VAT,Vatican,26.0,2021
VAT,Vatican,26.0,2022
VAT,Vatican,26.0,2023
VAT,Vatican,26.0,2024
VEN,Venezuela,111603.0,2020
VEN,Venezuela,442999.0,2021
VEN,Venezuela,549844.0,2022
VEN,Venezuela,552695.0,2023
VEN,Venezuela,552695.0,2024
VNM,Vietnam,1440.0,2020
VNM,Vietnam,1651673.0,2021
VNM,Vietnam,11524202.0,2022
VNM,Vietnam,11624000.0,2023
VNM,Vietnam,11624000.0,2024
OWID_WLS,Wales,,2020
OWID_WLS,Wales,,2021
OWID_WLS,Wales,,2022
OWID_WLS,Wales,,2023
WLF,Wallis and Futuna,4.0,2020
WLF,Wallis and Futuna,453.0,2021
WLF,Wallis and Futuna,3415.0,2022
WLF,Wallis and Futuna,3550.0,2023
WLF,Wallis and Futuna,3550.0,2024
ESH,Western Sahara,,2022
OWID_WRL,World,80316045.0,2020
OWID_WRL,World,280613650.0,2021
OWID_WRL,World,704630839.0,2022
OWID_WRL,World,773960065.0,2023
OWID_WRL,World,,2024
YEM,Yemen,2096.0,2020
YEM,Yemen,10111.0,2021
YEM,Yemen,11945.0,2022
YEM,Yemen,11945.0,2023
YEM,Yemen,11945.0,2024
ZMB,Zambia,19671.0,2020
ZMB,Zambia,231581.0,2021
ZMB,Zambia,334066.0,2022
ZMB,Zambia,349304.0,2023
ZMB,Zambia,349304.0,2024
ZWE,Zimbabwe,12963.0,2020
ZWE,Zimbabwe,203746.0,2021
ZWE,Zimbabwe,259944.0,2022
ZWE,Zimbabwe,266048.0,2023
ZWE,Zimbabwe,266265.0,2024
